preference_key,movie_title,star_cast,rating,year,place,vote,link
1,Sueño de fuga,"Frank Darabont (dir.), Tim Robbins, Morgan Freeman",9.233734330189046,1994,1,,/title/tt0111161/
2,El padrino,"Francis Ford Coppola (dir.), Marlon Brando, Al Pacino",9.155796443621224,1972,2,,/title/tt0068646/
3,Batman: El Caballero de la Noche,"Christopher Nolan (dir.), Christian Bale, Heath Ledger",8.984916256599917,2008,3,,/title/tt0468569/
4,El padrino II,"Francis Ford Coppola (dir.), Al Pacino, Robert De Niro",8.983870478284183,1974,4,,/title/tt0071562/
1,12 hombres en pugna,"Sidney Lumet (dir.), Henry Fonda, Lee J. Cobb",8.94713096940665,1957,5,,/title/tt0050083/
2,La lista de Schindler,"Steven Spielberg (dir.), Liam Neeson, Ralph Fiennes",8.934961448786217,1993,6,,/title/tt0108052/
3,El señor de los anillos: El retorno del rey,"Peter Jackson (dir.), Elijah Wood, Viggo Mortensen",8.92055342190149,2003,7,,/title/tt0167260/
4,Tiempos violentos,"Quentin Tarantino (dir.), John Travolta, Uma Thurman",8.851034578025837,1994,8,,/title/tt0110912/
1,El señor de los anillos: La comunidad del anillo,"Peter Jackson (dir.), Elijah Wood, Ian McKellen",8.803268137324887,2001,9,,/title/tt0120737/
2," El bueno, el malo y el feo","Sergio Leone (dir.), Clint Eastwood, Eli Wallach",8.793944833044344,1966,1,,/title/tt0060196/
3,Forrest Gump,"Robert Zemeckis (dir.), Tom Hanks, Robin Wright",8.767208732113172,1994,11,,/title/tt0109830/
4,El club de la pelea,"David Fincher (dir.), Brad Pitt, Edward Norton",8.750291538984209,1999,12,,/title/tt0137523/
1,El origen,"Christopher Nolan (dir.), Leonardo DiCaprio, Joseph Gordon-Levitt",8.732852377807294,2010,13,,/title/tt1375666/
2,El señor de los anillos: Las dos torres,"Peter Jackson (dir.), Elijah Wood, Ian McKellen",8.72738853651038,2002,14,,/title/tt0167261/
3,El imperio contraataca,"Irvin Kershner (dir.), Mark Hamill, Harrison Ford",8.701641155723156,1980,15,,/title/tt0080684/
4,Matrix,"Lana Wachowski (dir.), Keanu Reeves, Laurence Fishburne",8.671118554443757,1999,16,,/title/tt0133093/
1,Buenos muchachos,"Martin Scorsese (dir.), Robert De Niro, Ray Liotta",8.650777869833352,1990,17,,/title/tt0099685/
2,Atrapado sin salida,"Milos Forman (dir.), Jack Nicholson, Louise Fletcher",8.64148363832407,1975,18,,/title/tt0073486/
3,"Seven, los siete pecados capitales","David Fincher (dir.), Morgan Freeman, Brad Pitt",8.603857652513563,1995,19,,/title/tt0114369/
4,Los siete samurais,"Akira Kurosawa (dir.), Toshirô Mifune, Takashi Shimura",8.599242037144853,1954,20,,/title/tt0047478/
1,¡Qué bello es vivir!,"Frank Capra (dir.), James Stewart, Donna Reed",8.597030154292021,1946,21,,/title/tt0038650/
2,El silencio de los inocentes,"Jonathan Demme (dir.), Jodie Foster, Anthony Hopkins",8.587986909425585,1991,22,,/title/tt0102926/
3,Ciudad de Dios,"Fernando Meirelles (dir.), Alexandre Rodrigues, Leandro Firmino",8.579076965967266,2002,23,,/title/tt0317248/
4,Rescatando al soldado Ryan,"Steven Spielberg (dir.), Tom Hanks, Matt Damon",8.577412108692187,1998,24,,/title/tt0120815/
1,La vida es bella,"Roberto Benigni (dir.), Roberto Benigni, Nicoletta Braschi",8.566112760726865,1997,25,,/title/tt0118799/
2,Milagros inesperados,"Frank Darabont (dir.), Tom Hanks, Michael Clarke Duncan",8.559556873994563,1999,26,,/title/tt0120689/
3,La guerra de las galaxias,"George Lucas (dir.), Mark Hamill, Harrison Ford",8.554575680655889,1977,27,,/title/tt0076759/
4,Interestelar,"Christopher Nolan (dir.), Matthew McConaughey, Anne Hathaway",8.55448531937412,2014,28,,/title/tt0816692/
1,Terminator 2: juicio final,"James Cameron (dir.), Arnold Schwarzenegger, Linda Hamilton",8.53483017932555,1991,29,,/title/tt0103064/
2,Volver al futuro,"Robert Zemeckis (dir.), Michael J. Fox, Christopher Lloyd",8.517870324595036,1985,30,,/title/tt0088763/
3,El viaje de Chihiro,"Hayao Miyazaki (dir.), Daveigh Chase, Suzanne Pleshette",8.515335084103866,2001,31,,/title/tt0245429/
4,Psicosis,"Alfred Hitchcock (dir.), Anthony Perkins, Janet Leigh",8.508705939070454,1960,32,,/title/tt0054215/
1,El pianista,"Roman Polanski (dir.), Adrien Brody, Thomas Kretschmann",8.504537896585369,2002,33,,/title/tt0253474/
2,El perfecto asesino,"Luc Besson (dir.), Jean Reno, Gary Oldman",8.501136566075228,1994,34,,/title/tt0110413/
3,Parásitos,"Bong Joon Ho (dir.), Song Kang-ho, Sun-kyun Lee",8.495488748701483,2019,35,,/title/tt6751668/
4,El rey león,"Roger Allers (dir.), Matthew Broderick, Jeremy Irons",8.488458207651329,1994,36,,/title/tt0110357/
1,Gladiador,"Ridley Scott (dir.), Russell Crowe, Joaquin Phoenix",8.485080725928585,2000,37,,/title/tt0172495/
2,Historia americana X,"Tony Kaye (dir.), Edward Norton, Edward Furlong",8.484869909725305,1998,38,,/title/tt0120586/
3,Sospechosos comunes,"Bryan Singer (dir.), Kevin Spacey, Gabriel Byrne",8.476971560599202,1995,39,,/title/tt0114814/
4,Los infiltrados,"Martin Scorsese (dir.), Leonardo DiCaprio, Matt Damon",8.474957843240961,2006,40,,/title/tt0407887/
1,El gran truco,"Christopher Nolan (dir.), Christian Bale, Hugh Jackman",8.467871494813208,2006,41,,/title/tt0482571/
2,Casablanca,"Michael Curtiz (dir.), Humphrey Bogart, Ingrid Bergman",8.465744374737016,1942,42,,/title/tt0034583/
3,Whiplash: Música y obsesión,"Damien Chazelle (dir.), Miles Teller, J.K. Simmons",8.459555615354276,2014,43,,/title/tt2582802/
4,Amigos intocables,"Olivier Nakache (dir.), François Cluzet, Omar Sy",8.45421063160959,2011,44,,/title/tt1675434/
1,Tiempos modernos,"Charles Chaplin (dir.), Charles Chaplin, Paulette Goddard",8.450144317178577,1936,45,,/title/tt0027977/
2,Harakiri,"Masaki Kobayashi (dir.), Tatsuya Nakadai, Akira Ishihama",8.448801877950768,1962,46,,/title/tt0056058/
3,Erase una vez en el oeste,"Sergio Leone (dir.), Henry Fonda, Charles Bronson",8.448247745432822,1968,47,,/title/tt0064116/
4,La tumba de las luciérnagas,"Isao Takahata (dir.), Tsutomu Tatsumi, Ayano Shiraishi",8.447079790864493,1988,48,,/title/tt0095327/
1,La ventana indiscreta,"Alfred Hitchcock (dir.), James Stewart, Grace Kelly",8.437508372872093,1954,49,,/title/tt0047396/
2,"Alien, el 8° pasajero","Ridley Scott (dir.), Sigourney Weaver, Tom Skerritt",8.435523342163032,1979,50,,/title/tt0078748/
3,Luces de la ciudad,"Charles Chaplin (dir.), Charles Chaplin, Virginia Cherrill",8.434540919997268,1931,51,,/title/tt0021749/
4,Cinema Paradiso,"Giuseppe Tornatore (dir.), Philippe Noiret, Enzo Cannavale",8.429038622580538,1988,52,,/title/tt0095765/
1,Amnesia,"Christopher Nolan (dir.), Guy Pearce, Carrie-Anne Moss",8.42634861268243,2000,53,,/title/tt0209144/
2,Apocalipsis,"Francis Ford Coppola (dir.), Martin Sheen, Marlon Brando",8.425443290461676,1979,54,,/title/tt0078788/
3,Los cazadores del arca perdida,"Steven Spielberg (dir.), Harrison Ford, Karen Allen",8.41188347733964,1981,55,,/title/tt0082971/
4,Django sin cadenas,"Quentin Tarantino (dir.), Jamie Foxx, Christoph Waltz",8.402210887564207,2012,56,,/title/tt1853728/
1,WALL·E,"Andrew Stanton (dir.), Ben Burtt, Elissa Knight",8.392423844705322,2008,57,,/title/tt0910970/
2,La vida de los otros,"Florian Henckel von Donnersmarck (dir.), Ulrich Mühe, Martina Gedeck",8.38661188900393,2006,58,,/title/tt0405094/
3,El ocaso de una vida,"Billy Wilder (dir.), William Holden, Gloria Swanson",8.383191401154573,1950,59,,/title/tt0043014/
4,La patrulla infernal,"Stanley Kubrick (dir.), Kirk Douglas, Ralph Meeker",8.370686489974334,1957,60,,/title/tt0050825/
1,El resplandor,"Stanley Kubrick (dir.), Jack Nicholson, Shelley Duvall",8.368060477450282,1980,61,,/title/tt0081505/
2,El gran dictador,"Charles Chaplin (dir.), Charles Chaplin, Paulette Goddard",8.366792462674924,1940,62,,/title/tt0032553/
3,Testigo de cargo,"Billy Wilder (dir.), Tyrone Power, Marlene Dietrich",8.356584151618868,1957,63,,/title/tt0051201/
4,Avengers: Infinity War,"Anthony Russo (dir.), Robert Downey Jr., Chris Hemsworth",8.354589527992616,2018,64,,/title/tt4154756/
1,"Alien 2, el regreso","James Cameron (dir.), Sigourney Weaver, Michael Biehn",8.34460992857384,1986,65,,/title/tt0090605/
2,Belleza americana,"Sam Mendes (dir.), Kevin Spacey, Annette Bening",8.33857725174943,1999,66,,/title/tt0169547/
3,Dr Insólito o Cómo aprendí a no preocuparme y amar la bomba,"Stanley Kubrick (dir.), Peter Sellers, George C. Scott",8.334261849378441,1964,67,,/title/tt0057012/
4,Batman: El caballero de la noche asciende,"Christopher Nolan (dir.), Christian Bale, Tom Hardy",8.32893882420406,2012,68,,/title/tt1345836/
1,Spider-Man: Un nuevo universo,"Bob Persichetti (dir.), Shameik Moore, Jake Johnson",8.327620576054347,2018,69,,/title/tt4633694/
2,Guasón,"Todd Phillips (dir.), Joaquin Phoenix, Robert De Niro",8.320418334254718,2019,70,,/title/tt7286456/
3,Oldboy: Cinco días para vengarse,"Park Chan-wook (dir.), Choi Min-sik, Yoo Ji-Tae",8.319953927622763,2003,71,,/title/tt0364569/
4,Corazón valiente,"Mel Gibson (dir.), Mel Gibson, Sophie Marceau",8.315626897594266,1995,72,,/title/tt0112573/
1,Amadeus,"Milos Forman (dir.), F. Murray Abraham, Tom Hulce",8.315383455059251,1984,73,,/title/tt0086879/
2,Toy Story,"John Lasseter (dir.), Tom Hanks, Tim Allen",8.314373467677152,1995,74,,/title/tt0114709/
3,Coco,"Lee Unkrich (dir.), Anthony Gonzalez, Gael García Bernal",8.312221819297939,2017,75,,/title/tt2380307/
4,El submarino,"Wolfgang Petersen (dir.), Jürgen Prochnow, Herbert Grönemeyer",8.312049938290421,1981,76,,/title/tt0082096/
1,Everything Everywhere All at Once,"Dan Kwan (dir.), Michelle Yeoh, Stephanie Hsu",8.310713302868878,2022,77,,/title/tt6710474/
2,Bastardos sin gloria,"Quentin Tarantino (dir.), Brad Pitt, Diane Kruger",8.310315967717083,2009,78,,/title/tt0361748/
3,La princesa Mononoke,"Hayao Miyazaki (dir.), Yôji Matsuda, Yuriko Ishida",8.303886592401689,1997,79,,/title/tt0119698/
4,Érase una vez en América,"Sergio Leone (dir.), Robert De Niro, James Woods",8.301537375616117,1984,80,,/title/tt0087843/
1,Avengers: Endgame,"Anthony Russo (dir.), Robert Downey Jr., Chris Evans",8.300419455872937,2019,81,,/title/tt4154796/
2,Mente indomable,"Gus Van Sant (dir.), Robin Williams, Matt Damon",8.286227700946824,1997,82,,/title/tt0119217/
3,Réquiem por un sueño,"Darren Aronofsky (dir.), Ellen Burstyn, Jared Leto",8.277527698405786,2000,83,,/title/tt0180093/
4,Toy Story 3,"Lee Unkrich (dir.), Tom Hanks, Tim Allen",8.27693893625258,2010,84,,/title/tt0435761/
1,Cantando bajo la lluvia,"Stanley Donen (dir.), Gene Kelly, Donald O'Connor",8.274096423899518,1952,85,,/title/tt0045152/
2,Your Name,"Makoto Shinkai (dir.), Ryûnosuke Kamiki, Mone Kamishiraishi",8.273893080979185,2016,86,,/title/tt5311514/
3,3 Idiots,"Rajkumar Hirani (dir.), Aamir Khan, Madhavan",8.268517774192146,2009,87,,/title/tt1187043/
4,El regreso del Jedi,"Richard Marquand (dir.), Mark Hamill, Harrison Ford",8.268348416108035,1983,88,,/title/tt0086190/
1,2001: odisea del espacio,"Stanley Kubrick (dir.), Keir Dullea, Gary Lockwood",8.266105589497643,1968,89,,/title/tt0062622/
2,Perros de reserva,"Quentin Tarantino (dir.), Harvey Keitel, Tim Roth",8.26513111586982,1992,90,,/title/tt0105236/
3,Eterno resplandor de una mente sin recuerdos,"Michel Gondry (dir.), Jim Carrey, Kate Winslet",8.26498468405994,2004,91,,/title/tt0338013/
4,Cielo e infierno,"Akira Kurosawa (dir.), Toshirô Mifune, Yutaka Sada",8.26258967705522,1963,92,,/title/tt0057565/
1,El ciudadano Kane,"Orson Welles (dir.), Orson Welles, Joseph Cotten",8.258434105420084,1941,93,,/title/tt0033467/
2,Cafarnaúm: la ciudad olvidada,"Nadine Labaki (dir.), Zain Al Rafeea, Yordanos Shiferaw",8.25828103927382,2018,94,,/title/tt8267604/
3,Lawrence de Arabia,"David Lean (dir.), Peter O'Toole, Alec Guinness",8.25652348023248,1962,95,,/title/tt0056172/
4,Jagten,"Thomas Vinterberg (dir.), Mads Mikkelsen, Thomas Bo Larsen",8.255057703678283,2012,96,,/title/tt2106476/
1,M el maldito,"Fritz Lang (dir.), Peter Lorre, Ellen Widmann",8.254826970369304,1931,97,,/title/tt0022100/
2,Intriga internacional,"Alfred Hitchcock (dir.), Cary Grant, Eva Marie Saint",8.254151041740577,1959,98,,/title/tt0053125/
3,De entre los muertos,"Alfred Hitchcock (dir.), James Stewart, Kim Novak",8.248276746586887,1958,99,,/title/tt0052357/
4, Amelie,"Jean-Pierre Jeunet (dir.), Audrey Tautou, Mathieu Kassovitz",8.247048063428354,2001,10,,/title/tt0211915/
1,Naranja mecánica,"Stanley Kubrick (dir.), Malcolm McDowell, Patrick Magee",8.24536228322145,1971,101,,/title/tt0066921/
2,Ven y mira,"Elem Klimov (dir.), Aleksey Kravchenko, Olga Mironova",8.243249111364523,1985,102,,/title/tt0091251/
3,Cara de guerra,"Stanley Kubrick (dir.), Matthew Modine, R. Lee Ermey",8.240335665054573,1987,103,,/title/tt0093058/
4,Pacto de sangre,"Billy Wilder (dir.), Fred MacMurray, Barbara Stanwyck",8.23819719454108,1944,104,,/title/tt0036775/
1,Piso de soltero,"Billy Wilder (dir.), Jack Lemmon, Shirley MacLaine",8.237095866185808,1960,105,,/title/tt0053604/
2,Caracortada,"Brian De Palma (dir.), Al Pacino, Michelle Pfeiffer",8.235077786325514,1983,106,,/title/tt0086250/
3,Ikiru - Vivir,"Akira Kurosawa (dir.), Takashi Shimura, Nobuo Kaneko",8.22925438712525,1952,107,,/title/tt0044741/
4,Matar a un ruiseñor,"Robert Mulligan (dir.), Gregory Peck, John Megna",8.229218349122721,1962,108,,/title/tt0056592/
1,El golpe,"George Roy Hill (dir.), Paul Newman, Robert Redford",8.228995068717763,1973,109,,/title/tt0070735/
2,Taxi Driver,"Martin Scorsese (dir.), Robert De Niro, Jodie Foster",8.228925707922224,1976,110,,/title/tt0075314/
3,Spider-Man: sin camino a casa,"Jon Watts (dir.), Tom Holland, Zendaya",8.2269703834418,2021,111,,/title/tt10872600/
4,Los Ángeles al desnudo,"Curtis Hanson (dir.), Kevin Spacey, Russell Crowe",8.225512380058449,1997,112,,/title/tt0119488/
1,Hamilton,"Thomas Kail (dir.), Lin-Manuel Miranda, Phillipa Soo",8.22441483161705,2020,113,,/title/tt8503618/
2,"Up, una aventura de altura","Pete Docter (dir.), Edward Asner, Jordan Nagai",8.224219673678835,2009,114,,/title/tt1049413/
3,Fuego contra fuego,"Michael Mann (dir.), Al Pacino, Robert De Niro",8.222821717103185,1995,115,,/title/tt0113277/
4,Metrópolis,"Fritz Lang (dir.), Brigitte Helm, Alfred Abel",8.221284376639476,1927,116,,/title/tt0017136/
1,Snatch: Cerdos y diamantes,"Guy Ritchie (dir.), Jason Statham, Brad Pitt",8.220728777497248,2000,117,,/title/tt0208092/
2,Una separación,"Asghar Farhadi (dir.), Payman Maadi, Leila Hatami",8.220647966008316,2011,118,,/title/tt1832382/
3,Duro de matar,"John McTiernan (dir.), Bruce Willis, Alan Rickman",8.220315786564726,1988,119,,/title/tt0095016/
4,La mujer que cantaba,"Denis Villeneuve (dir.), Lubna Azabal, Mélissa Désormeaux-Poulin",8.219214680952868,2010,120,,/title/tt1255953/
1,Indiana Jones y la última cruzada,"Steven Spielberg (dir.), Harrison Ford, Sean Connery",8.218364254776052,1989,121,,/title/tt0097576/
2,Ladrones de bicicletas,"Vittorio De Sica (dir.), Lamberto Maggiorani, Enzo Staiola",8.217804457815447,1948,122,,/title/tt0040522/
3,1917,"Sam Mendes (dir.), Dean-Charles Chapman, George MacKay",8.212270448420352,2019,123,,/title/tt8579674/
4,Like stars on Earth,"Aamir Khan (dir.), Darsheel Safary, Aamir Khan",8.206442134052176,2007,124,,/title/tt0986264/
1,La caída,"Oliver Hirschbiegel (dir.), Bruno Ganz, Alexandra Maria Lara",8.204816888739055,2004,125,,/title/tt0363163/
2,Por unos dólares más,"Sergio Leone (dir.), Clint Eastwood, Lee Van Cleef",8.203700958376647,1965,126,,/title/tt0059578/
3,Batman inicia,"Christopher Nolan (dir.), Christian Bale, Michael Caine",8.20258981840005,2005,127,,/title/tt0372784/
4,Dangal,"Nitesh Tiwari (dir.), Aamir Khan, Sakshi Tanwar",8.198290052113546,2016,128,,/title/tt5074352/
1,El chiquillo,"Charles Chaplin (dir.), Charles Chaplin, Edna Purviance",8.194884282149507,1921,129,,/title/tt0012349/
2,Una Eva y dos Adanes,"Billy Wilder (dir.), Marilyn Monroe, Tony Curtis",8.191671454257035,1959,130,,/title/tt0053291/
3,El Padre,"Florian Zeller (dir.), Anthony Hopkins, Olivia Colman",8.184322783470986,2020,131,,/title/tt10272386/
4,La malvada,"Joseph L. Mankiewicz (dir.), Bette Davis, Anne Baxter",8.18018853041381,1950,132,,/title/tt0042192/
1,Green Book: Una amistad sin fronteras,"Peter Farrelly (dir.), Viggo Mortensen, Mahershala Ali",8.174255937187121,2018,133,,/title/tt6966692/
2,El lobo de Wall Street,"Martin Scorsese (dir.), Leonardo DiCaprio, Jonah Hill",8.170988663340255,2013,134,,/title/tt0993846/
3,Juicio en Nuremberg,"Stanley Kramer (dir.), Spencer Tracy, Burt Lancaster",8.168120270679895,1961,135,,/title/tt0055031/
4,Los imperdonables,"Clint Eastwood (dir.), Clint Eastwood, Gene Hackman",8.164927861728321,1992,136,,/title/tt0105695/
1,El laberinto del fauno,"Guillermo del Toro (dir.), Ivana Baquero, Ariadna Gil",8.163765771268277,2006,137,,/title/tt0457430/
2,Casino,"Martin Scorsese (dir.), Robert De Niro, Sharon Stone",8.163629326672682,1995,138,,/title/tt0112641/
3,Ran,"Akira Kurosawa (dir.), Tatsuya Nakadai, Akira Terao",8.163487324155943,1985,139,,/title/tt0089881/
4,Petróleo sangriento,"Paul Thomas Anderson (dir.), Daniel Day-Lewis, Paul Dano",8.154459396142355,2007,140,,/title/tt0469494/
1,El sexto sentido,"M. Night Shyamalan (dir.), Bruce Willis, Haley Joel Osment",8.153629523081324,1999,141,,/title/tt0167404/
2,Una mente brillante,"Ron Howard (dir.), Russell Crowe, Ed Harris",8.153317681156569,2001,142,,/title/tt0268978/
3,Monty Python and the Holy Grail,"Terry Gilliam (dir.), Graham Chapman, John Cleese",8.153240355258784,1975,143,,/title/tt0071853/
4,The Truman Show: Historia de una vida,"Peter Weir (dir.), Jim Carrey, Ed Harris",8.15087563891488,1998,144,,/title/tt0120382/
1,Yojimbo,"Akira Kurosawa (dir.), Toshirô Mifune, Eijirô Tôno",8.149138896103633,1961,145,,/title/tt0055630/
2,El tesoro de la Sierra Madre,"John Huston (dir.), Humphrey Bogart, Walter Huston",8.148053628912585,1948,146,,/title/tt0040897/
3,Rashomon,"Akira Kurosawa (dir.), Toshirô Mifune, Machiko Kyô",8.143374394891442,1950,147,,/title/tt0042876/
4,El gran escape,"John Sturges (dir.), Steve McQueen, James Garner",8.14251585392467,1963,148,,/title/tt0057115/
1,La isla siniestra,"Martin Scorsese (dir.), Leonardo DiCaprio, Emily Mortimer",8.142101737152633,2010,149,,/title/tt1130884/
2,Parque jurásico,"Steven Spielberg (dir.), Sam Neill, Laura Dern",8.13724666739665,1993,150,,/title/tt0107290/
3,Kill Bill Vol 1,"Quentin Tarantino (dir.), Uma Thurman, David Carradine",8.137239708088275,2003,151,,/title/tt0266697/
4,Sin lugar para los débiles,"Ethan Coen (dir.), Tommy Lee Jones, Javier Bardem",8.134988045309168,2007,152,,/title/tt0477348/
1,El hombre elefante,"David Lynch (dir.), Anthony Hopkins, John Hurt",8.131625362425934,1980,153,,/title/tt0080678/
2,Buscando a Nemo,"Andrew Stanton (dir.), Albert Brooks, Ellen DeGeneres",8.13116369704941,2003,154,,/title/tt0266543/
3,El toro salvaje,"Martin Scorsese (dir.), Robert De Niro, Cathy Moriarty",8.130324743894297,1980,155,,/title/tt0081398/
4,Barrio Chino,"Roman Polanski (dir.), Jack Nicholson, Faye Dunaway",8.129159218274495,1974,156,,/title/tt0071315/
1,Lo que el viento se llevó,"Victor Fleming (dir.), Clark Gable, Vivien Leigh",8.127137226800086,1939,157,,/title/tt0031381/
2,V de Venganza,"James McTeigue (dir.), Hugo Weaving, Natalie Portman",8.126453816501947,2005,158,,/title/tt0434409/
3,Intensa Mente,"Pete Docter (dir.), Amy Poehler, Bill Hader",8.125044101857275,2015,159,,/title/tt2096673/
4,La cosa del otro mundo,"John Carpenter (dir.), Kurt Russell, Wilford Brimley",8.1239181548294,1982,160,,/title/tt0084787/
1,"Juegos, trampas y dos armas humeantes","Guy Ritchie (dir.), Jason Flemyng, Dexter Fletcher",8.12389255259946,1998,161,,/title/tt0120735/
2,Con M de Muerte,"Alfred Hitchcock (dir.), Ray Milland, Grace Kelly",8.119086590619542,1954,162,,/title/tt0046912/
3,El secreto de sus ojos,"Juan José Campanella (dir.), Ricardo Darín, Soledad Villamil",8.118409291682692,2009,163,,/title/tt1305806/
4,El puente sobre el río Kwai,"David Lean (dir.), William Holden, Alec Guinness",8.114919638386976,1957,164,,/title/tt0050212/
1,El increíble castillo vagabundo,"Hayao Miyazaki (dir.), Chieko Baishô, Takuya Kimura",8.114345989858005,2004,165,,/title/tt0347149/
2,Tres anuncios por un crimen,"Martin McDonagh (dir.), Frances McDormand, Woody Harrelson",8.111888756115956,2017,166,,/title/tt5027774/
3,La vida en el abismo,"Danny Boyle (dir.), Ewan McGregor, Ewen Bremner",8.111746721765158,1996,167,,/title/tt0117951/
4,Gran Torino,"Clint Eastwood (dir.), Clint Eastwood, Bee Vang",8.10573769689462,2008,168,,/title/tt1205489/
1,La última pelea,"Gavin O'Connor (dir.), Tom Hardy, Nick Nolte",8.105295838198012,2011,169,,/title/tt1291584/
2,"Fargo, secuestro voluntario","Joel Coen (dir.), William H. Macy, Frances McDormand",8.103604641598228,1996,170,,/title/tt0116282/
3,Mi vecino Totoro,"Hayao Miyazaki (dir.), Hitoshi Takagi, Noriko Hidaka",8.095616298812146,1988,171,,/title/tt0096283/
4,Intriga,"Denis Villeneuve (dir.), Hugh Jackman, Jake Gyllenhaal",8.094149413107699,2013,172,,/title/tt1392214/
1,Golpes del destino,"Clint Eastwood (dir.), Hilary Swank, Clint Eastwood",8.090141855523648,2004,173,,/title/tt0405159/
2,La quimera del oro,"Charles Chaplin (dir.), Charles Chaplin, Mack Swain",8.087882215328333,1925,174,,/title/tt0015864/
3,Blade Runner,"Ridley Scott (dir.), Harrison Ford, Rutger Hauer",8.087319662183717,1982,175,,/title/tt0083658/
4,Atrápame si puedes,"Steven Spielberg (dir.), Leonardo DiCaprio, Tom Hanks",8.085692406675888,2002,176,,/title/tt0264464/
1,Nido de ratas,"Elia Kazan (dir.), Marlon Brando, Karl Malden",8.085154451468362,1954,177,,/title/tt0047296/
2,El tercer hombre,"Carol Reed (dir.), Orson Welles, Joseph Cotten",8.08302591366424,1949,178,,/title/tt0041959/
3,Los niños del cielo,"Majid Majidi (dir.), Mohammad Amir Naji, Amir Farrokh Hashemian",8.08193220385679,1997,179,,/title/tt0118849/
4,Ben-Hur,"William Wyler (dir.), Charlton Heston, Jack Hawkins",8.079004374725093,1959,180,,/title/tt0052618/
1,El general,"Clyde Bruckman (dir.), Buster Keaton, Marion Mack",8.07830908029794,1926,181,,/title/tt0017925/
2,12 años esclavo,"Steve McQueen (dir.), Chiwetel Ejiofor, Michael Kenneth Williams",8.078060076234946,2013,182,,/title/tt2024544/
3,Las fresas silvestres,"Ingmar Bergman (dir.), Victor Sjöström, Bibi Andersson",8.077470357770485,1957,183,,/title/tt0050986/
4,Perdida,"David Fincher (dir.), Ben Affleck, Rosamund Pike",8.077429134405394,2014,184,,/title/tt2267998/
1,Antes del amanecer,"Richard Linklater (dir.), Ethan Hawke, Julie Delpy",8.076185431597796,1995,185,,/title/tt0112471/
2,El francotirador,"Michael Cimino (dir.), Robert De Niro, Christopher Walken",8.07612783835043,1978,186,,/title/tt0077416/
3,Harry Potter y las reliquias de la muerte 2,"David Yates (dir.), Daniel Radcliffe, Emma Watson",8.075465397033593,2011,187,,/title/tt1201607/
4,En el nombre del padre,"Jim Sheridan (dir.), Daniel Day-Lewis, Pete Postlethwaite",8.07470720319241,1993,188,,/title/tt0107207/
1,El gran hotel Budapest,"Wes Anderson (dir.), Ralph Fiennes, F. Murray Abraham",8.071986953218035,2014,189,,/title/tt2278388/
2,Caballero sin espada,"Frank Capra (dir.), James Stewart, Jean Arthur",8.07158476239182,1939,190,,/title/tt0031679/
3,El salario del miedo,"Henri-Georges Clouzot (dir.), Yves Montand, Charles Vanel",8.070571128113055,1953,191,,/title/tt0046268/
4,Sherlock Jr,"Buster Keaton (dir.), Buster Keaton, Kathryn McGuire",8.06974515085118,1924,192,,/title/tt0015324/
1,Barry Lyndon,"Stanley Kubrick (dir.), Ryan O'Neal, Marisa Berenson",8.06879034504404,1975,193,,/title/tt0072684/
2,Room,"Lenny Abrahamson (dir.), Brie Larson, Jacob Tremblay",8.068180371567795,2015,194,,/title/tt3170832/
3,Salinui chueok,"Bong Joon Ho (dir.), Song Kang-ho, Kim Sang-kyung",8.068166171232434,2003,195,,/title/tt0353969/
4,Hasta el último hombre,"Mel Gibson (dir.), Andrew Garfield, Sam Worthington",8.06659509785109,2016,196,,/title/tt2119532/
1,El séptimo sello,"Ingmar Bergman (dir.), Max von Sydow, Gunnar Björnstrand",8.066494850648597,1957,197,,/title/tt0050976/
2,Klaus,"Sergio Pablos (dir.), Jason Schwartzman, J.K. Simmons",8.066084922655604,2019,198,,/title/tt4729430/
3,Relatos salvajes,"Damián Szifron (dir.), Darío Grandinetti, María Marull",8.064968285071842,2014,199,,/title/tt3011894/
4,Identidad peligrosa,"Joel Coen (dir.), Jeff Bridges, John Goodman",8.063215221228843,1998,200,,/title/tt0118715/
1,Cómo entrenar a tu dragón,"Dean DeBlois (dir.), Jay Baruchel, Gerard Butler",8.06209801595422,2010,201,,/title/tt0892769/
2,Mad Max: Furia en el camino,"George Miller (dir.), Tom Hardy, Charlize Theron",8.061473154251704,2015,202,,/title/tt1392190/
3,Mary and Max,"Adam Elliot (dir.), Toni Collette, Philip Seymour Hoffman",8.06052687326582,2009,203,,/title/tt0978762/
4,"Monsters, Inc","Pete Docter (dir.), Billy Crystal, John Goodman",8.058115247419389,2001,204,,/title/tt0198781/
1,Tiburón,"Steven Spielberg (dir.), Roy Scheider, Robert Shaw",8.057730222488596,1975,205,,/title/tt0073195/
2,La passion de Jeanne d'Arc,"Carl Theodor Dreyer (dir.), Maria Falconetti, Eugene Silvain",8.055914867437423,1928,206,,/title/tt0019254/
3,Pather Panchali,"Satyajit Ray (dir.), Kanu Bannerjee, Karuna Bannerjee",8.05547049508014,1955,207,,/title/tt0048473/
4,Hotel Ruanda,"Terry George (dir.), Don Cheadle, Sophie Okonedo",8.053431770362016,2004,208,,/title/tt0395169/
1,Tôkyô monogatari,"Yasujirô Ozu (dir.), Chishû Ryû, Chieko Higashiyama",8.052316204739768,1953,209,,/title/tt0046438/
2,La sociedad de los poetas muertos,"Peter Weir (dir.), Robin Williams, Robert Sean Leonard",8.051841540052756,1989,210,,/title/tt0097165/
3,Pelotón,"Oliver Stone (dir.), Charlie Sheen, Tom Berenger",8.04766214745305,1986,211,,/title/tt0091763/
4,Rocky,"John G. Avildsen (dir.), Sylvester Stallone, Talia Shire",8.047291833046378,1976,212,,/title/tt0075148/
1,Contra lo imposible,"James Mangold (dir.), Matt Damon, Christian Bale",8.045145001710432,2019,213,,/title/tt1950186/
2,Cuenta conmigo,"Rob Reiner (dir.), Wil Wheaton, River Phoenix",8.04243312550455,1986,214,,/title/tt0092005/
3,Terminator,"James Cameron (dir.), Arnold Schwarzenegger, Linda Hamilton",8.041365469178688,1984,215,,/title/tt0088247/
4,Rush: Pasión y gloria,"Ron Howard (dir.), Daniel Brühl, Chris Hemsworth",8.039750647814888,2013,216,,/title/tt1979320/
1,En primera plana,"Tom McCarthy (dir.), Mark Ruffalo, Michael Keaton",8.039266031284303,2015,217,,/title/tt1895587/
2,Camino salvaje,"Sean Penn (dir.), Emile Hirsch, Vince Vaughn",8.038246813823935,2007,218,,/title/tt0758758/
3,Poder que mata,"Sidney Lumet (dir.), Faye Dunaway, William Holden",8.037204928560369,1976,219,,/title/tt0074958/
4,El mago de Oz,"Victor Fleming (dir.), Judy Garland, Frank Morgan",8.036205672401346,1939,220,,/title/tt0032138/
1,Logan: Wolverine,"James Mangold (dir.), Hugh Jackman, Patrick Stewart",8.034988266518557,2017,221,,/title/tt3315342/
2,Hechizo del tiempo,"Harold Ramis (dir.), Bill Murray, Andie MacDowell",8.032900556273004,1993,222,,/title/tt0107048/
3,Ratatouille,"Brad Bird (dir.), Brad Garrett, Lou Romano",8.030846460965103,2007,223,,/title/tt0382932/
4,El exorcista,"William Friedkin (dir.), Ellen Burstyn, Max von Sydow",8.028667356012823,1973,224,,/title/tt0070047/
1,Antes del atardecer,"Richard Linklater (dir.), Ethan Hawke, Julie Delpy",8.02808083903267,2004,225,,/title/tt0381681/
2,Lo mejor de nuestra vida,"William Wyler (dir.), Myrna Loy, Dana Andrews",8.025816407909371,1946,226,,/title/tt0036868/
3,Los increíbles,"Brad Bird (dir.), Craig T. Nelson, Samuel L. Jackson",8.025251509309824,2004,227,,/title/tt0317705/
4,Ser o no ser,"Ernst Lubitsch (dir.), Carole Lombard, Jack Benny",8.024818685957221,1942,228,,/title/tt0035446/
1,La batalla de Argel,"Gillo Pontecorvo (dir.), Brahim Hadjadj, Jean Martin",8.022996190971572,1966,229,,/title/tt0058946/
2,"Rebeca, una mujer inolvidable","Alfred Hitchcock (dir.), Laurence Olivier, Joan Fontaine",8.022874069532051,1940,230,,/title/tt0032976/
3,Viacrucis,"John Ford (dir.), Henry Fonda, Jane Darwell",8.022311284021594,1940,231,,/title/tt0032551/
4,Siempre a tu lado,"Lasse Hallström (dir.), Richard Gere, Joan Allen",8.021797364684582,2009,232,,/title/tt1028532/
1,La leyenda del indomable,"Stuart Rosenberg (dir.), Paul Newman, George Kennedy",8.021580839755151,1967,233,,/title/tt0061512/
2,Amores perros,"Alejandro G. Iñárritu (dir.), Emilio Echevarría, Gael García Bernal",8.021359466351926,2000,234,,/title/tt0245712/
3,Piratas del Caribe - La maldición del Perla Negra,"Gore Verbinski (dir.), Johnny Depp, Geoffrey Rush",8.017367971786415,2003,235,,/title/tt0325980/
4,Dersu Uzala,"Akira Kurosawa (dir.), Maksim Munzuk, Yuriy Solomin",8.01719907509982,1975,236,,/title/tt0071411/
1,Los 400 golpes,"François Truffaut (dir.), Jean-Pierre Léaud, Albert Rémy",8.016433030373433,1959,237,,/title/tt0053198/
2,El pecado compartido,"Ingmar Bergman (dir.), Bibi Andersson, Liv Ullmann",8.01592271814414,1966,238,,/title/tt0060827/
3,La haine,"Mathieu Kassovitz (dir.), Vincent Cassel, Hubert Koundé",8.015824376676727,1995,239,,/title/tt0113247/
4,Babam ve Oglum,"Cagan Irmak (dir.), Çetin Tekindor, Fikret Kuskan",8.015755332327373,2005,240,,/title/tt0476735/
1,La vida de Brian,"Terry Jones (dir.), Graham Chapman, John Cleese",8.015230325254807,1979,241,,/title/tt0079470/
2,La novicia rebelde,"Robert Wise (dir.), Julie Andrews, Christopher Plummer",8.013917847864063,1965,242,,/title/tt0059742/
3,Sucedió una noche,"Frank Capra (dir.), Clark Gable, Claudette Colbert",8.013737610947542,1934,243,,/title/tt0025316/
4,The Handmaiden,"Park Chan-wook (dir.), Kim Min-hee, Ha Jung-woo",8.009024251465535,2016,244,,/title/tt4016934/
1,Gandhi,"Richard Attenborough (dir.), Ben Kingsley, John Gielgud",8.007133992951049,1982,245,,/title/tt0083987/
2,Aladdín,"Ron Clements (dir.), Scott Weinger, Robin Williams",8.007082786892335,1992,246,,/title/tt0103639/
3,Historias cruzadas,"Tate Taylor (dir.), Emma Stone, Viola Davis",8.00489357999211,2011,247,,/title/tt1454029/
4,La bella y la bestia,"Gary Trousdale (dir.), Paige O'Hara, Robby Benson",8.00353883162888,1991,248,,/title/tt0101414/
1,Danza con lobos,"Kevin Costner (dir.), Kevin Costner, Mary McDonnell",8.001767190322955,1990,249,,/title/tt0099348/
2,Jai Bhim,"T.J. Gnanavel (dir.), Suriya, Lijo Mol Jose",8.000801553821892,2021,250,,/title/tt15097216/
